date,predicted_crowd_index,is_holiday,is_weekend,is_school_vacation,temperature_c,precipitation_mm,wind_speed_kmh,recommend_low_crowd,crowd_rank_asc
2026-08-31,34.1,0,0,1,29.73,6.04,17.12,False,21
2026-09-01,31.98,0,0,0,28.07,4.25,12.86,False,12
2026-09-02,31.54,0,0,0,28.07,4.25,12.86,True,7
2026-09-03,31.55,0,0,0,28.07,4.25,12.86,True,8
2026-09-04,31.86,0,0,0,28.07,4.25,12.86,False,11
2026-09-05,55.07,1,1,0,28.07,4.25,12.86,False,24
2026-09-06,56.36,1,1,0,28.07,4.25,12.86,False,29
2026-09-07,30.59,0,0,0,28.07,4.25,12.86,True,2
2026-09-08,31.61,0,0,0,28.07,4.25,12.86,False,9
2026-09-09,32.13,0,0,0,28.07,4.25,12.86,False,15
2026-09-10,32.71,0,0,0,28.07,4.25,12.86,False,19
2026-09-11,32.08,0,0,0,28.07,4.25,12.86,False,13
2026-09-12,55.97,1,1,0,28.07,4.25,12.86,False,26
2026-09-13,55.81,1,1,0,28.07,4.25,12.86,False,25
2026-09-14,30.36,0,0,0,28.07,4.25,12.86,True,1
2026-09-15,30.83,0,0,0,28.07,4.25,12.86,True,3
2026-09-16,31.15,0,0,0,28.07,4.25,12.86,True,5
2026-09-17,32.43,0,0,0,28.07,4.25,12.86,False,17
2026-09-18,33.17,0,0,0,28.07,4.25,12.86,False,20
2026-09-19,56.04,1,1,0,28.07,4.25,12.86,False,27
2026-09-20,36.48,0,1,0,28.07,4.25,12.86,False,22
2026-09-21,32.56,0,0,0,28.07,4.25,12.86,False,18
2026-09-22,31.02,0,0,0,28.07,4.25,12.86,True,4
2026-09-23,31.45,0,0,0,28.07,4.25,12.86,True,6
2026-09-24,32.16,0,0,0,28.07,4.25,12.86,False,16
2026-09-25,54.76,1,0,0,28.07,4.25,12.86,False,23
2026-09-26,56.04,1,1,0,28.07,4.25,12.86,False,27
2026-09-27,57.8,1,1,0,28.07,4.25,12.86,False,30
2026-09-28,31.68,0,0,0,28.07,4.25,12.86,False,10
2026-09-29,32.08,0,0,0,28.07,4.25,12.86,False,13
